row,lo_a,lo_b,lo_r,mi_a,mi_b,mi_r,hi_a,hi_b,hi_r
1,1,-0.23494237607149193,-0.1041590635407633,1,0.06996306116645368,0.2097998730304042,1,0.3739163072753495,0.5553251165022628
2,-0.23494237607149193,1,0.28932513635283974,0.06996306116645368,1,0.5108402167054124,0.3739163072753495,1,0.6837214565338088
3,-0.1041590635407633,0.28932513635283974,1,0.2097998730304042,0.5108402167054124,1,0.5553251165022628,0.6837214565338088,1
