row,lo_a,lo_b,lo_r,mi_a,mi_b,mi_r,hi_a,hi_b,hi_r
1,1,-0.25025597191316573,-0.33916083879296455,1,0.12507189954825568,0.037916117650215825,1,0.5236694842889679,0.4061993783839636
2,-0.25025597191316573,1,-0.21895625384396727,0.12507189954825568,1,0.1613878488050567,0.5236694842889679,1,0.5038076105300558
3,-0.33916083879296455,-0.21895625384396727,1,0.037916117650215825,0.1613878488050567,1,0.4061993783839636,0.5038076105300558,1
